{
  "timestamp": "2025-08-07T12:34:26.249169",
  "service_times": {
    "s3": [
      0.04012489318847656,
      0.004402875900268555,
      0.0023822784423828125
    ],
    "ec2": [
      0.01866888999938965,
      0.017544984817504883,
      0.014594554901123047
    ],
    "iam": [
      0.008128881454467773,
      0.0033104419708251953,
      0.0029141902923583984
    ],
    "lambda": [
      0.012818574905395508,
      0.004091978073120117
    ],
    "cloudfront": [
      0.018374919891357422,
      0.0017712116241455078
    ],
    "route53": [
      0.007950544357299805,
      0.002368450164794922
    ],
    "rds": [
      0.01784229278564453,
      0.004911899566650391
    ],
    "cloudwatch": [
      0.01453709602355957,
      0.0046443939208984375
    ],
    "logs": [
      0.012485027313232422,
      0.005710601806640625
    ]
  },
  "resource_counts": {
    "s3": [
      0,
      0,
      0
    ],
    "ec2": [
      0,
      0,
      0
    ],
    "iam": [
      0,
      0,
      0
    ],
    "lambda": [
      0,
      0
    ],
    "cloudfront": [
      0,
      0
    ],
    "route53": [
      0,
      0
    ],
    "rds": [
      0,
      0
    ],
    "cloudwatch": [
      0,
      0
    ],
    "logs": [
      0,
      0
    ]
  },
  "error_counts": {},
  "cpu_usage": [
    6.6
  ],
  "memory_usage": [
    30.5
  ]
}